tablescraper-selected-row,tablescraper-selected-row href,tablescraper-selected-row 2,tablescraper-selected-row 3,tablescraper-selected-row href 2,tablescraper-selected-row 4,tablescraper-selected-row href 3
00601,https://www.zipdatamaps.com/00601,Non-Unique,Adjuntas,https://www.zipdatamaps.com/zipcodes-adjuntas-pr,Adjuntas,https://www.zipdatamaps.com/adjuntas-pr-county-zipcodes
00602,https://www.zipdatamaps.com/00602,Non-Unique,Aguada,https://www.zipdatamaps.com/zipcodes-aguada-pr,Aguada,https://www.zipdatamaps.com/aguada-pr-county-zipcodes
00603,https://www.zipdatamaps.com/00603,Non-Unique,Aguadilla,https://www.zipdatamaps.com/zipcodes-aguadilla-pr,Aguadilla,https://www.zipdatamaps.com/aguadilla-pr-county-zipcodes
00604,https://www.zipdatamaps.com/00604,PO Box,Aguadilla,https://www.zipdatamaps.com/zipcodes-aguadilla-pr,Aguadilla,https://www.zipdatamaps.com/aguadilla-pr-county-zipcodes
00605,https://www.zipdatamaps.com/00605,PO Box,Aguadilla,https://www.zipdatamaps.com/zipcodes-aguadilla-pr,Aguadilla,https://www.zipdatamaps.com/aguadilla-pr-county-zipcodes
00606,https://www.zipdatamaps.com/00606,Non-Unique,Maricao,https://www.zipdatamaps.com/zipcodes-maricao-pr,Maricao,https://www.zipdatamaps.com/maricao-pr-county-zipcodes
00610,https://www.zipdatamaps.com/00610,Non-Unique,Anasco,https://www.zipdatamaps.com/zipcodes-anasco-pr,Anasco,https://www.zipdatamaps.com/anasco-pr-county-zipcodes
00611,https://www.zipdatamaps.com/00611,PO Box,Angeles,https://www.zipdatamaps.com/zipcodes-angeles-pr,San Sebastian,https://www.zipdatamaps.com/san-sebastian-pr-county-zipcodes
00612,https://www.zipdatamaps.com/00612,Non-Unique,Arecibo,https://www.zipdatamaps.com/zipcodes-arecibo-pr,Arecibo,https://www.zipdatamaps.com/arecibo-pr-county-zipcodes
00613,https://www.zipdatamaps.com/00613,PO Box,Arecibo,https://www.zipdatamaps.com/zipcodes-arecibo-pr,Arecibo,https://www.zipdatamaps.com/arecibo-pr-county-zipcodes
00614,https://www.zipdatamaps.com/00614,PO Box,Arecibo,https://www.zipdatamaps.com/zipcodes-arecibo-pr,Arecibo,https://www.zipdatamaps.com/arecibo-pr-county-zipcodes
00616,https://www.zipdatamaps.com/00616,Non-Unique,Bajadero,https://www.zipdatamaps.com/zipcodes-bajadero-pr,Arecibo,https://www.zipdatamaps.com/arecibo-pr-county-zipcodes
00617,https://www.zipdatamaps.com/00617,Non-Unique,Barceloneta,https://www.zipdatamaps.com/zipcodes-barceloneta-pr,Barceloneta,https://www.zipdatamaps.com/barceloneta-pr-county-zipcodes
00622,https://www.zipdatamaps.com/00622,Non-Unique,Boqueron,https://www.zipdatamaps.com/zipcodes-boqueron-pr,Cabo Rojo,https://www.zipdatamaps.com/cabo-rojo-pr-county-zipcodes
00623,https://www.zipdatamaps.com/00623,Non-Unique,Cabo Rojo,https://www.zipdatamaps.com/zipcodes-cabo-rojo-pr,Cabo Rojo,https://www.zipdatamaps.com/cabo-rojo-pr-county-zipcodes
00624,https://www.zipdatamaps.com/00624,Non-Unique,Penuelas,https://www.zipdatamaps.com/zipcodes-penuelas-pr,Penuelas,https://www.zipdatamaps.com/penuelas-pr-county-zipcodes
00627,https://www.zipdatamaps.com/00627,Non-Unique,Camuy,https://www.zipdatamaps.com/zipcodes-camuy-pr,Camuy,https://www.zipdatamaps.com/camuy-pr-county-zipcodes
00631,https://www.zipdatamaps.com/00631,Non-Unique,Castaner,https://www.zipdatamaps.com/zipcodes-castaner-pr,Lares,https://www.zipdatamaps.com/lares-pr-county-zipcodes
00636,https://www.zipdatamaps.com/00636,PO Box,Rosario,https://www.zipdatamaps.com/zipcodes-rosario-pr,San German,https://www.zipdatamaps.com/san-german-pr-county-zipcodes
00637,https://www.zipdatamaps.com/00637,Non-Unique,Sabana Grande,https://www.zipdatamaps.com/zipcodes-sabana-grande-pr,Sabana Grande,https://www.zipdatamaps.com/sabana-grande-pr-county-zipcodes
00638,https://www.zipdatamaps.com/00638,Non-Unique,Ciales,https://www.zipdatamaps.com/zipcodes-ciales-pr,Ciales,https://www.zipdatamaps.com/ciales-pr-county-zipcodes
00641,https://www.zipdatamaps.com/00641,Non-Unique,Utuado,https://www.zipdatamaps.com/zipcodes-utuado-pr,Utuado,https://www.zipdatamaps.com/utuado-pr-county-zipcodes
00646,https://www.zipdatamaps.com/00646,Non-Unique,Dorado,https://www.zipdatamaps.com/zipcodes-dorado-pr,Dorado,https://www.zipdatamaps.com/dorado-pr-county-zipcodes
00647,https://www.zipdatamaps.com/00647,Non-Unique,Ensenada,https://www.zipdatamaps.com/zipcodes-ensenada-pr,Guanica,https://www.zipdatamaps.com/guanica-pr-county-zipcodes
00650,https://www.zipdatamaps.com/00650,Non-Unique,Florida,https://www.zipdatamaps.com/zipcodes-florida-pr,Florida,https://www.zipdatamaps.com/florida-pr-county-zipcodes
00652,https://www.zipdatamaps.com/00652,Non-Unique,Garrochales,https://www.zipdatamaps.com/zipcodes-garrochales-pr,Arecibo,https://www.zipdatamaps.com/arecibo-pr-county-zipcodes
00653,https://www.zipdatamaps.com/00653,Non-Unique,Guanica,https://www.zipdatamaps.com/zipcodes-guanica-pr,Guanica,https://www.zipdatamaps.com/guanica-pr-county-zipcodes
00656,https://www.zipdatamaps.com/00656,Non-Unique,Guayanilla,https://www.zipdatamaps.com/zipcodes-guayanilla-pr,Guayanilla,https://www.zipdatamaps.com/guayanilla-pr-county-zipcodes
00659,https://www.zipdatamaps.com/00659,Non-Unique,Hatillo,https://www.zipdatamaps.com/zipcodes-hatillo-pr,Hatillo,https://www.zipdatamaps.com/hatillo-pr-county-zipcodes
00660,https://www.zipdatamaps.com/00660,Non-Unique,Hormigueros,https://www.zipdatamaps.com/zipcodes-hormigueros-pr,Hormigueros,https://www.zipdatamaps.com/hormigueros-pr-county-zipcodes
00662,https://www.zipdatamaps.com/00662,Non-Unique,Isabela,https://www.zipdatamaps.com/zipcodes-isabela-pr,Isabela,https://www.zipdatamaps.com/isabela-pr-county-zipcodes
00664,https://www.zipdatamaps.com/00664,Non-Unique,Jayuya,https://www.zipdatamaps.com/zipcodes-jayuya-pr,Jayuya,https://www.zipdatamaps.com/jayuya-pr-county-zipcodes
00667,https://www.zipdatamaps.com/00667,Non-Unique,Lajas,https://www.zipdatamaps.com/zipcodes-lajas-pr,Lajas,https://www.zipdatamaps.com/lajas-pr-county-zipcodes
00669,https://www.zipdatamaps.com/00669,Non-Unique,Lares,https://www.zipdatamaps.com/zipcodes-lares-pr,Lares,https://www.zipdatamaps.com/lares-pr-county-zipcodes
00670,https://www.zipdatamaps.com/00670,Non-Unique,Las Marias,https://www.zipdatamaps.com/zipcodes-las-marias-pr,Las Marias,https://www.zipdatamaps.com/las-marias-pr-county-zipcodes
00674,https://www.zipdatamaps.com/00674,Non-Unique,Manati,https://www.zipdatamaps.com/zipcodes-manati-pr,Manati,https://www.zipdatamaps.com/manati-pr-county-zipcodes
00676,https://www.zipdatamaps.com/00676,Non-Unique,Moca,https://www.zipdatamaps.com/zipcodes-moca-pr,Moca,https://www.zipdatamaps.com/moca-pr-county-zipcodes
00677,https://www.zipdatamaps.com/00677,Non-Unique,Rincon,https://www.zipdatamaps.com/zipcodes-rincon-pr,Rincon,https://www.zipdatamaps.com/rincon-pr-county-zipcodes
00678,https://www.zipdatamaps.com/00678,Non-Unique,Quebradillas,https://www.zipdatamaps.com/zipcodes-quebradillas-pr,Quebradillas,https://www.zipdatamaps.com/quebradillas-pr-county-zipcodes
00680,https://www.zipdatamaps.com/00680,Non-Unique,Mayaguez,https://www.zipdatamaps.com/zipcodes-mayaguez-pr,Mayaguez,https://www.zipdatamaps.com/mayaguez-pr-county-zipcodes
00681,https://www.zipdatamaps.com/00681,PO Box,Mayaguez,https://www.zipdatamaps.com/zipcodes-mayaguez-pr,Mayaguez,https://www.zipdatamaps.com/mayaguez-pr-county-zipcodes
00682,https://www.zipdatamaps.com/00682,Non-Unique,Mayaguez,https://www.zipdatamaps.com/zipcodes-mayaguez-pr,Mayaguez,https://www.zipdatamaps.com/mayaguez-pr-county-zipcodes
00683,https://www.zipdatamaps.com/00683,Non-Unique,San German,https://www.zipdatamaps.com/zipcodes-san-german-pr,San German,https://www.zipdatamaps.com/san-german-pr-county-zipcodes
00685,https://www.zipdatamaps.com/00685,Non-Unique,San Sebastian,https://www.zipdatamaps.com/zipcodes-san-sebastian-pr,San Sebastian,https://www.zipdatamaps.com/san-sebastian-pr-county-zipcodes
00687,https://www.zipdatamaps.com/00687,Non-Unique,Morovis,https://www.zipdatamaps.com/zipcodes-morovis-pr,Morovis,https://www.zipdatamaps.com/morovis-pr-county-zipcodes
00688,https://www.zipdatamaps.com/00688,Non-Unique,Sabana Hoyos,https://www.zipdatamaps.com/zipcodes-sabana-hoyos-pr,Arecibo,https://www.zipdatamaps.com/arecibo-pr-county-zipcodes
00690,https://www.zipdatamaps.com/00690,Non-Unique,San Antonio,https://www.zipdatamaps.com/zipcodes-san-antonio-pr,Aguadilla,https://www.zipdatamaps.com/aguadilla-pr-county-zipcodes
00692,https://www.zipdatamaps.com/00692,Non-Unique,Vega Alta,https://www.zipdatamaps.com/zipcodes-vega-alta-pr,Vega Alta,https://www.zipdatamaps.com/vega-alta-pr-county-zipcodes
00693,https://www.zipdatamaps.com/00693,Non-Unique,Vega Baja,https://www.zipdatamaps.com/zipcodes-vega-baja-pr,Vega Baja,https://www.zipdatamaps.com/vega-baja-pr-county-zipcodes
00694,https://www.zipdatamaps.com/00694,PO Box,Vega Baja,https://www.zipdatamaps.com/zipcodes-vega-baja-pr,Vega Baja,https://www.zipdatamaps.com/vega-baja-pr-county-zipcodes
00698,https://www.zipdatamaps.com/00698,Non-Unique,Yauco,https://www.zipdatamaps.com/zipcodes-yauco-pr,Yauco,https://www.zipdatamaps.com/yauco-pr-county-zipcodes
00703,https://www.zipdatamaps.com/00703,Non-Unique,Aguas Buenas,https://www.zipdatamaps.com/zipcodes-aguas-buenas-pr,Aguas Buenas,https://www.zipdatamaps.com/aguas-buenas-pr-county-zipcodes
00704,https://www.zipdatamaps.com/00704,Non-Unique,Aguirre,https://www.zipdatamaps.com/zipcodes-aguirre-pr,Salinas,https://www.zipdatamaps.com/salinas-pr-county-zipcodes
00705,https://www.zipdatamaps.com/00705,Non-Unique,Aibonito,https://www.zipdatamaps.com/zipcodes-aibonito-pr,Aibonito,https://www.zipdatamaps.com/aibonito-pr-county-zipcodes
00707,https://www.zipdatamaps.com/00707,Non-Unique,Maunabo,https://www.zipdatamaps.com/zipcodes-maunabo-pr,Maunabo,https://www.zipdatamaps.com/maunabo-pr-county-zipcodes
00714,https://www.zipdatamaps.com/00714,Non-Unique,Arroyo,https://www.zipdatamaps.com/zipcodes-arroyo-pr,Arroyo,https://www.zipdatamaps.com/arroyo-pr-county-zipcodes
00715,https://www.zipdatamaps.com/00715,Non-Unique,Mercedita,https://www.zipdatamaps.com/zipcodes-mercedita-pr,Ponce,https://www.zipdatamaps.com/ponce-pr-county-zipcodes
00716,https://www.zipdatamaps.com/00716,Non-Unique,Ponce,https://www.zipdatamaps.com/zipcodes-ponce-pr,Ponce,https://www.zipdatamaps.com/ponce-pr-county-zipcodes
00717,https://www.zipdatamaps.com/00717,Non-Unique,Ponce,https://www.zipdatamaps.com/zipcodes-ponce-pr,Ponce,https://www.zipdatamaps.com/ponce-pr-county-zipcodes
00718,https://www.zipdatamaps.com/00718,Non-Unique,Naguabo,https://www.zipdatamaps.com/zipcodes-naguabo-pr,Naguabo,https://www.zipdatamaps.com/naguabo-pr-county-zipcodes
00719,https://www.zipdatamaps.com/00719,Non-Unique,Naranjito,https://www.zipdatamaps.com/zipcodes-naranjito-pr,Naranjito,https://www.zipdatamaps.com/naranjito-pr-county-zipcodes
00720,https://www.zipdatamaps.com/00720,Non-Unique,Orocovis,https://www.zipdatamaps.com/zipcodes-orocovis-pr,Orocovis,https://www.zipdatamaps.com/orocovis-pr-county-zipcodes
00721,https://www.zipdatamaps.com/00721,PO Box,Palmer,https://www.zipdatamaps.com/zipcodes-palmer-pr,San Juan,https://www.zipdatamaps.com/san-juan-pr-county-zipcodes
00723,https://www.zipdatamaps.com/00723,Non-Unique,Patillas,https://www.zipdatamaps.com/zipcodes-patillas-pr,Patillas,https://www.zipdatamaps.com/patillas-pr-county-zipcodes
00725,https://www.zipdatamaps.com/00725,Non-Unique,Caguas,https://www.zipdatamaps.com/zipcodes-caguas-pr,Caguas,https://www.zipdatamaps.com/caguas-pr-county-zipcodes
00726,https://www.zipdatamaps.com/00726,PO Box,Caguas,https://www.zipdatamaps.com/zipcodes-caguas-pr,Jayuya,https://www.zipdatamaps.com/jayuya-pr-county-zipcodes
00727,https://www.zipdatamaps.com/00727,Non-Unique,Caguas,https://www.zipdatamaps.com/zipcodes-caguas-pr,Caguas,https://www.zipdatamaps.com/caguas-pr-county-zipcodes
00728,https://www.zipdatamaps.com/00728,Non-Unique,Ponce,https://www.zipdatamaps.com/zipcodes-ponce-pr,Ponce,https://www.zipdatamaps.com/ponce-pr-county-zipcodes
00729,https://www.zipdatamaps.com/00729,Non-Unique,Canovanas,https://www.zipdatamaps.com/zipcodes-canovanas-pr,Canovanas,https://www.zipdatamaps.com/canovanas-pr-county-zipcodes
00730,https://www.zipdatamaps.com/00730,Non-Unique,Ponce,https://www.zipdatamaps.com/zipcodes-ponce-pr,Ponce,https://www.zipdatamaps.com/ponce-pr-county-zipcodes
00731,https://www.zipdatamaps.com/00731,Non-Unique,Ponce,https://www.zipdatamaps.com/zipcodes-ponce-pr,Ponce,https://www.zipdatamaps.com/ponce-pr-county-zipcodes
00732,https://www.zipdatamaps.com/00732,PO Box,Ponce,https://www.zipdatamaps.com/zipcodes-ponce-pr,Ponce,https://www.zipdatamaps.com/ponce-pr-county-zipcodes
00733,https://www.zipdatamaps.com/00733,PO Box,Ponce,https://www.zipdatamaps.com/zipcodes-ponce-pr,Ponce,https://www.zipdatamaps.com/ponce-pr-county-zipcodes
00734,https://www.zipdatamaps.com/00734,PO Box,Ponce,https://www.zipdatamaps.com/zipcodes-ponce-pr,Ponce,https://www.zipdatamaps.com/ponce-pr-county-zipcodes
00735,https://www.zipdatamaps.com/00735,Non-Unique,Ceiba,https://www.zipdatamaps.com/zipcodes-ceiba-pr,Ceiba,https://www.zipdatamaps.com/ceiba-pr-county-zipcodes
00736,https://www.zipdatamaps.com/00736,Non-Unique,Cayey,https://www.zipdatamaps.com/zipcodes-cayey-pr,Cayey,https://www.zipdatamaps.com/cayey-pr-county-zipcodes
00737,https://www.zipdatamaps.com/00737,PO Box,Cayey,https://www.zipdatamaps.com/zipcodes-cayey-pr,Cayey,https://www.zipdatamaps.com/cayey-pr-county-zipcodes
00738,https://www.zipdatamaps.com/00738,Non-Unique,Fajardo,https://www.zipdatamaps.com/zipcodes-fajardo-pr,Fajardo,https://www.zipdatamaps.com/fajardo-pr-county-zipcodes
00739,https://www.zipdatamaps.com/00739,Non-Unique,Cidra,https://www.zipdatamaps.com/zipcodes-cidra-pr,Cidra,https://www.zipdatamaps.com/cidra-pr-county-zipcodes
00740,https://www.zipdatamaps.com/00740,Non-Unique,Puerto Real,https://www.zipdatamaps.com/zipcodes-puerto-real-pr,Fajardo,https://www.zipdatamaps.com/fajardo-pr-county-zipcodes
00741,https://www.zipdatamaps.com/00741,Non-Unique,Punta Santiago,https://www.zipdatamaps.com/zipcodes-punta-santiago-pr,Humacao,https://www.zipdatamaps.com/humacao-pr-county-zipcodes
00742,https://www.zipdatamaps.com/00742,PO Box,Roosevelt Roads,https://www.zipdatamaps.com/zipcodes-roosevelt-roads-pr,Ceiba,https://www.zipdatamaps.com/ceiba-pr-county-zipcodes
00744,https://www.zipdatamaps.com/00744,PO Box,Rio Blanco,https://www.zipdatamaps.com/zipcodes-rio-blanco-pr,Naguabo,https://www.zipdatamaps.com/naguabo-pr-county-zipcodes
00745,https://www.zipdatamaps.com/00745,Non-Unique,Rio Grande,https://www.zipdatamaps.com/zipcodes-rio-grande-pr,Rio Grande,https://www.zipdatamaps.com/rio-grande-pr-county-zipcodes
00751,https://www.zipdatamaps.com/00751,Non-Unique,Salinas,https://www.zipdatamaps.com/zipcodes-salinas-pr,Salinas,https://www.zipdatamaps.com/salinas-pr-county-zipcodes
00754,https://www.zipdatamaps.com/00754,Non-Unique,San Lorenzo,https://www.zipdatamaps.com/zipcodes-san-lorenzo-pr,San Lorenzo,https://www.zipdatamaps.com/san-lorenzo-pr-county-zipcodes
00757,https://www.zipdatamaps.com/00757,Non-Unique,Santa Isabel,https://www.zipdatamaps.com/zipcodes-santa-isabel-pr,Santa Isabel,https://www.zipdatamaps.com/santa-isabel-pr-county-zipcodes
00765,https://www.zipdatamaps.com/00765,Non-Unique,Vieques,https://www.zipdatamaps.com/zipcodes-vieques-pr,Vieques,https://www.zipdatamaps.com/vieques-pr-county-zipcodes
00766,https://www.zipdatamaps.com/00766,Non-Unique,Villalba,https://www.zipdatamaps.com/zipcodes-villalba-pr,Villalba,https://www.zipdatamaps.com/villalba-pr-county-zipcodes
00767,https://www.zipdatamaps.com/00767,Non-Unique,Yabucoa,https://www.zipdatamaps.com/zipcodes-yabucoa-pr,Yabucoa,https://www.zipdatamaps.com/yabucoa-pr-county-zipcodes
00769,https://www.zipdatamaps.com/00769,Non-Unique,Coamo,https://www.zipdatamaps.com/zipcodes-coamo-pr,Coamo,https://www.zipdatamaps.com/coamo-pr-county-zipcodes
00771,https://www.zipdatamaps.com/00771,Non-Unique,Las Piedras,https://www.zipdatamaps.com/zipcodes-las-piedras-pr,Las Piedras,https://www.zipdatamaps.com/las-piedras-pr-county-zipcodes
00772,https://www.zipdatamaps.com/00772,Non-Unique,Loiza,https://www.zipdatamaps.com/zipcodes-loiza-pr,Loiza,https://www.zipdatamaps.com/loiza-pr-county-zipcodes
00773,https://www.zipdatamaps.com/00773,Non-Unique,Luquillo,https://www.zipdatamaps.com/zipcodes-luquillo-pr,Luquillo,https://www.zipdatamaps.com/luquillo-pr-county-zipcodes
00775,https://www.zipdatamaps.com/00775,Non-Unique,Culebra,https://www.zipdatamaps.com/zipcodes-culebra-pr,Culebra,https://www.zipdatamaps.com/culebra-pr-county-zipcodes
00777,https://www.zipdatamaps.com/00777,Non-Unique,Juncos,https://www.zipdatamaps.com/zipcodes-juncos-pr,Juncos,https://www.zipdatamaps.com/juncos-pr-county-zipcodes
00778,https://www.zipdatamaps.com/00778,Non-Unique,Gurabo,https://www.zipdatamaps.com/zipcodes-gurabo-pr,Gurabo,https://www.zipdatamaps.com/gurabo-pr-county-zipcodes
00780,https://www.zipdatamaps.com/00780,Non-Unique,Coto Laurel,https://www.zipdatamaps.com/zipcodes-coto-laurel-pr,Ponce,https://www.zipdatamaps.com/ponce-pr-county-zipcodes
00782,https://www.zipdatamaps.com/00782,Non-Unique,Comerio,https://www.zipdatamaps.com/zipcodes-comerio-pr,Comerio,https://www.zipdatamaps.com/comerio-pr-county-zipcodes
00783,https://www.zipdatamaps.com/00783,Non-Unique,Corozal,https://www.zipdatamaps.com/zipcodes-corozal-pr,Corozal,https://www.zipdatamaps.com/corozal-pr-county-zipcodes
00784,https://www.zipdatamaps.com/00784,Non-Unique,Guayama,https://www.zipdatamaps.com/zipcodes-guayama-pr,Guayama,https://www.zipdatamaps.com/guayama-pr-county-zipcodes
00785,https://www.zipdatamaps.com/00785,PO Box,Guayama,https://www.zipdatamaps.com/zipcodes-guayama-pr,Guayama,https://www.zipdatamaps.com/guayama-pr-county-zipcodes
00786,https://www.zipdatamaps.com/00786,PO Box,La Plata,https://www.zipdatamaps.com/zipcodes-la-plata-pr,Aibonito,https://www.zipdatamaps.com/aibonito-pr-county-zipcodes
00791,https://www.zipdatamaps.com/00791,Non-Unique,Humacao,https://www.zipdatamaps.com/zipcodes-humacao-pr,Humacao,https://www.zipdatamaps.com/humacao-pr-county-zipcodes
00792,https://www.zipdatamaps.com/00792,PO Box,Humacao,https://www.zipdatamaps.com/zipcodes-humacao-pr,Humacao,https://www.zipdatamaps.com/humacao-pr-county-zipcodes
00794,https://www.zipdatamaps.com/00794,Non-Unique,Barranquitas,https://www.zipdatamaps.com/zipcodes-barranquitas-pr,Barranquitas,https://www.zipdatamaps.com/barranquitas-pr-county-zipcodes
00795,https://www.zipdatamaps.com/00795,Non-Unique,Juana Diaz,https://www.zipdatamaps.com/zipcodes-juana-diaz-pr,Juana Diaz,https://www.zipdatamaps.com/juana-diaz-pr-county-zipcodes
00901,https://www.zipdatamaps.com/00901,Non-Unique,San Juan,https://www.zipdatamaps.com/zipcodes-san-juan-pr,San Juan,https://www.zipdatamaps.com/san-juan-pr-county-zipcodes
00902,https://www.zipdatamaps.com/00902,PO Box,San Juan,https://www.zipdatamaps.com/zipcodes-san-juan-pr,San Juan,https://www.zipdatamaps.com/san-juan-pr-county-zipcodes
00906,https://www.zipdatamaps.com/00906,PO Box,San Juan,https://www.zipdatamaps.com/zipcodes-san-juan-pr,San Juan,https://www.zipdatamaps.com/san-juan-pr-county-zipcodes
00907,https://www.zipdatamaps.com/00907,Non-Unique,San Juan,https://www.zipdatamaps.com/zipcodes-san-juan-pr,San Juan,https://www.zipdatamaps.com/san-juan-pr-county-zipcodes
00908,https://www.zipdatamaps.com/00908,PO Box,San Juan,https://www.zipdatamaps.com/zipcodes-san-juan-pr,San Juan,https://www.zipdatamaps.com/san-juan-pr-county-zipcodes
00909,https://www.zipdatamaps.com/00909,Non-Unique,San Juan,https://www.zipdatamaps.com/zipcodes-san-juan-pr,San Juan,https://www.zipdatamaps.com/san-juan-pr-county-zipcodes
00910,https://www.zipdatamaps.com/00910,PO Box,San Juan,https://www.zipdatamaps.com/zipcodes-san-juan-pr,San Juan,https://www.zipdatamaps.com/san-juan-pr-county-zipcodes
00911,https://www.zipdatamaps.com/00911,Non-Unique,San Juan,https://www.zipdatamaps.com/zipcodes-san-juan-pr,San Juan,https://www.zipdatamaps.com/san-juan-pr-county-zipcodes
00912,https://www.zipdatamaps.com/00912,Non-Unique,San Juan,https://www.zipdatamaps.com/zipcodes-san-juan-pr,San Juan,https://www.zipdatamaps.com/san-juan-pr-county-zipcodes
00913,https://www.zipdatamaps.com/00913,Non-Unique,San Juan,https://www.zipdatamaps.com/zipcodes-san-juan-pr,San Juan,https://www.zipdatamaps.com/san-juan-pr-county-zipcodes
00914,https://www.zipdatamaps.com/00914,PO Box,San Juan,https://www.zipdatamaps.com/zipcodes-san-juan-pr,San Juan,https://www.zipdatamaps.com/san-juan-pr-county-zipcodes
00915,https://www.zipdatamaps.com/00915,Non-Unique,San Juan,https://www.zipdatamaps.com/zipcodes-san-juan-pr,San Juan,https://www.zipdatamaps.com/san-juan-pr-county-zipcodes
00916,https://www.zipdatamaps.com/00916,PO Box,San Juan,https://www.zipdatamaps.com/zipcodes-san-juan-pr,San Juan,https://www.zipdatamaps.com/san-juan-pr-county-zipcodes
00917,https://www.zipdatamaps.com/00917,Non-Unique,San Juan,https://www.zipdatamaps.com/zipcodes-san-juan-pr,San Juan,https://www.zipdatamaps.com/san-juan-pr-county-zipcodes
00918,https://www.zipdatamaps.com/00918,Non-Unique,San Juan,https://www.zipdatamaps.com/zipcodes-san-juan-pr,San Juan,https://www.zipdatamaps.com/san-juan-pr-county-zipcodes
00919,https://www.zipdatamaps.com/00919,PO Box,San Juan,https://www.zipdatamaps.com/zipcodes-san-juan-pr,San Juan,https://www.zipdatamaps.com/san-juan-pr-county-zipcodes
00920,https://www.zipdatamaps.com/00920,Non-Unique,San Juan,https://www.zipdatamaps.com/zipcodes-san-juan-pr,San Juan,https://www.zipdatamaps.com/san-juan-pr-county-zipcodes
00921,https://www.zipdatamaps.com/00921,Non-Unique,San Juan,https://www.zipdatamaps.com/zipcodes-san-juan-pr,San Juan,https://www.zipdatamaps.com/san-juan-pr-county-zipcodes
00922,https://www.zipdatamaps.com/00922,PO Box,San Juan,https://www.zipdatamaps.com/zipcodes-san-juan-pr,San Juan,https://www.zipdatamaps.com/san-juan-pr-county-zipcodes
00923,https://www.zipdatamaps.com/00923,Non-Unique,San Juan,https://www.zipdatamaps.com/zipcodes-san-juan-pr,San Juan,https://www.zipdatamaps.com/san-juan-pr-county-zipcodes
00924,https://www.zipdatamaps.com/00924,Non-Unique,San Juan,https://www.zipdatamaps.com/zipcodes-san-juan-pr,San Juan,https://www.zipdatamaps.com/san-juan-pr-county-zipcodes
00925,https://www.zipdatamaps.com/00925,Non-Unique,San Juan,https://www.zipdatamaps.com/zipcodes-san-juan-pr,San Juan,https://www.zipdatamaps.com/san-juan-pr-county-zipcodes
00926,https://www.zipdatamaps.com/00926,Non-Unique,San Juan,https://www.zipdatamaps.com/zipcodes-san-juan-pr,San Juan,https://www.zipdatamaps.com/san-juan-pr-county-zipcodes
00927,https://www.zipdatamaps.com/00927,Non-Unique,San Juan,https://www.zipdatamaps.com/zipcodes-san-juan-pr,San Juan,https://www.zipdatamaps.com/san-juan-pr-county-zipcodes
00928,https://www.zipdatamaps.com/00928,PO Box,San Juan,https://www.zipdatamaps.com/zipcodes-san-juan-pr,San Juan,https://www.zipdatamaps.com/san-juan-pr-county-zipcodes
00929,https://www.zipdatamaps.com/00929,PO Box,San Juan,https://www.zipdatamaps.com/zipcodes-san-juan-pr,San Juan,https://www.zipdatamaps.com/san-juan-pr-county-zipcodes
00930,https://www.zipdatamaps.com/00930,PO Box,San Juan,https://www.zipdatamaps.com/zipcodes-san-juan-pr,San Juan,https://www.zipdatamaps.com/san-juan-pr-county-zipcodes
00931,https://www.zipdatamaps.com/00931,PO Box,San Juan,https://www.zipdatamaps.com/zipcodes-san-juan-pr,San Juan,https://www.zipdatamaps.com/san-juan-pr-county-zipcodes
00933,https://www.zipdatamaps.com/00933,PO Box,San Juan,https://www.zipdatamaps.com/zipcodes-san-juan-pr,San Juan,https://www.zipdatamaps.com/san-juan-pr-county-zipcodes
00934,https://www.zipdatamaps.com/00934,Non-Unique,Fort Buchanan,https://www.zipdatamaps.com/zipcodes-fort-buchanan-pr,Guaynabo,https://www.zipdatamaps.com/guaynabo-pr-county-zipcodes
00935,https://www.zipdatamaps.com/00935,Unique,San Juan,https://www.zipdatamaps.com/zipcodes-san-juan-pr,San Juan,https://www.zipdatamaps.com/san-juan-pr-county-zipcodes
00936,https://www.zipdatamaps.com/00936,PO Box,San Juan,https://www.zipdatamaps.com/zipcodes-san-juan-pr,San Juan,https://www.zipdatamaps.com/san-juan-pr-county-zipcodes
00937,https://www.zipdatamaps.com/00937,PO Box,San Juan,https://www.zipdatamaps.com/zipcodes-san-juan-pr,San Juan,https://www.zipdatamaps.com/san-juan-pr-county-zipcodes
00939,https://www.zipdatamaps.com/00939,Unique,San Juan,https://www.zipdatamaps.com/zipcodes-san-juan-pr,San Juan,https://www.zipdatamaps.com/san-juan-pr-county-zipcodes
00940,https://www.zipdatamaps.com/00940,PO Box,San Juan,https://www.zipdatamaps.com/zipcodes-san-juan-pr,San Juan,https://www.zipdatamaps.com/san-juan-pr-county-zipcodes
00949,https://www.zipdatamaps.com/00949,Non-Unique,Toa Baja,https://www.zipdatamaps.com/zipcodes-toa-baja-pr,Toa Baja,https://www.zipdatamaps.com/toa-baja-pr-county-zipcodes
00950,https://www.zipdatamaps.com/00950,PO Box,Toa Baja,https://www.zipdatamaps.com/zipcodes-toa-baja-pr,Dorado,https://www.zipdatamaps.com/dorado-pr-county-zipcodes
00951,https://www.zipdatamaps.com/00951,PO Box,Toa Baja,https://www.zipdatamaps.com/zipcodes-toa-baja-pr,Toa Baja,https://www.zipdatamaps.com/toa-baja-pr-county-zipcodes
00952,https://www.zipdatamaps.com/00952,Non-Unique,Sabana Seca,https://www.zipdatamaps.com/zipcodes-sabana-seca-pr,Toa Baja,https://www.zipdatamaps.com/toa-baja-pr-county-zipcodes
00953,https://www.zipdatamaps.com/00953,Non-Unique,Toa Alta,https://www.zipdatamaps.com/zipcodes-toa-alta-pr,Toa Alta,https://www.zipdatamaps.com/toa-alta-pr-county-zipcodes
00954,https://www.zipdatamaps.com/00954,PO Box,Toa Alta,https://www.zipdatamaps.com/zipcodes-toa-alta-pr,Toa Alta,https://www.zipdatamaps.com/toa-alta-pr-county-zipcodes
00955,https://www.zipdatamaps.com/00955,PO Box,San Juan,https://www.zipdatamaps.com/zipcodes-san-juan-pr,San Juan,https://www.zipdatamaps.com/san-juan-pr-county-zipcodes
00956,https://www.zipdatamaps.com/00956,Non-Unique,Bayamon,https://www.zipdatamaps.com/zipcodes-bayamon-pr,Bayamon,https://www.zipdatamaps.com/bayamon-pr-county-zipcodes
00957,https://www.zipdatamaps.com/00957,Non-Unique,Bayamon,https://www.zipdatamaps.com/zipcodes-bayamon-pr,Bayamon,https://www.zipdatamaps.com/bayamon-pr-county-zipcodes
00958,https://www.zipdatamaps.com/00958,PO Box,Bayamon,https://www.zipdatamaps.com/zipcodes-bayamon-pr,Bayamon,https://www.zipdatamaps.com/bayamon-pr-county-zipcodes
00959,https://www.zipdatamaps.com/00959,Non-Unique,Bayamon,https://www.zipdatamaps.com/zipcodes-bayamon-pr,Bayamon,https://www.zipdatamaps.com/bayamon-pr-county-zipcodes
00960,https://www.zipdatamaps.com/00960,PO Box,Bayamon,https://www.zipdatamaps.com/zipcodes-bayamon-pr,Bayamon,https://www.zipdatamaps.com/bayamon-pr-county-zipcodes
00961,https://www.zipdatamaps.com/00961,Non-Unique,Bayamon,https://www.zipdatamaps.com/zipcodes-bayamon-pr,Bayamon,https://www.zipdatamaps.com/bayamon-pr-county-zipcodes
00962,https://www.zipdatamaps.com/00962,Non-Unique,Catano,https://www.zipdatamaps.com/zipcodes-catano-pr,Catano,https://www.zipdatamaps.com/catano-pr-county-zipcodes
00963,https://www.zipdatamaps.com/00963,PO Box,Catano,https://www.zipdatamaps.com/zipcodes-catano-pr,Catano,https://www.zipdatamaps.com/catano-pr-county-zipcodes
00965,https://www.zipdatamaps.com/00965,Non-Unique,Guaynabo,https://www.zipdatamaps.com/zipcodes-guaynabo-pr,Guaynabo,https://www.zipdatamaps.com/guaynabo-pr-county-zipcodes
00966,https://www.zipdatamaps.com/00966,Non-Unique,Guaynabo,https://www.zipdatamaps.com/zipcodes-guaynabo-pr,Guaynabo,https://www.zipdatamaps.com/guaynabo-pr-county-zipcodes
00968,https://www.zipdatamaps.com/00968,Non-Unique,Guaynabo,https://www.zipdatamaps.com/zipcodes-guaynabo-pr,Guaynabo,https://www.zipdatamaps.com/guaynabo-pr-county-zipcodes
00969,https://www.zipdatamaps.com/00969,Non-Unique,Guaynabo,https://www.zipdatamaps.com/zipcodes-guaynabo-pr,Guaynabo,https://www.zipdatamaps.com/guaynabo-pr-county-zipcodes
00970,https://www.zipdatamaps.com/00970,PO Box,Guaynabo,https://www.zipdatamaps.com/zipcodes-guaynabo-pr,Guaynabo,https://www.zipdatamaps.com/guaynabo-pr-county-zipcodes
00971,https://www.zipdatamaps.com/00971,Non-Unique,Guaynabo,https://www.zipdatamaps.com/zipcodes-guaynabo-pr,Guaynabo,https://www.zipdatamaps.com/guaynabo-pr-county-zipcodes
00975,https://www.zipdatamaps.com/00975,Unique,San Juan,https://www.zipdatamaps.com/zipcodes-san-juan-pr,San Juan,https://www.zipdatamaps.com/san-juan-pr-county-zipcodes
00976,https://www.zipdatamaps.com/00976,Non-Unique,Trujillo Alto,https://www.zipdatamaps.com/zipcodes-trujillo-alto-pr,Trujillo Alta,https://www.zipdatamaps.com/trujillo-alta-pr-county-zipcodes
00977,https://www.zipdatamaps.com/00977,PO Box,Trujillo Alto,https://www.zipdatamaps.com/zipcodes-trujillo-alto-pr,Trujillo Alta,https://www.zipdatamaps.com/trujillo-alta-pr-county-zipcodes
00978,https://www.zipdatamaps.com/00978,PO Box,Saint Just,https://www.zipdatamaps.com/zipcodes-saint-just-pr,Trujillo Alta,https://www.zipdatamaps.com/trujillo-alta-pr-county-zipcodes
00979,https://www.zipdatamaps.com/00979,Non-Unique,Carolina,https://www.zipdatamaps.com/zipcodes-carolina-pr,Carolina,https://www.zipdatamaps.com/carolina-pr-county-zipcodes
00981,https://www.zipdatamaps.com/00981,PO Box,Carolina,https://www.zipdatamaps.com/zipcodes-carolina-pr,Carolina,https://www.zipdatamaps.com/carolina-pr-county-zipcodes
00982,https://www.zipdatamaps.com/00982,Non-Unique,Carolina,https://www.zipdatamaps.com/zipcodes-carolina-pr,Carolina,https://www.zipdatamaps.com/carolina-pr-county-zipcodes
00983,https://www.zipdatamaps.com/00983,Non-Unique,Carolina,https://www.zipdatamaps.com/zipcodes-carolina-pr,Carolina,https://www.zipdatamaps.com/carolina-pr-county-zipcodes
00984,https://www.zipdatamaps.com/00984,PO Box,Carolina,https://www.zipdatamaps.com/zipcodes-carolina-pr,Carolina,https://www.zipdatamaps.com/carolina-pr-county-zipcodes
00985,https://www.zipdatamaps.com/00985,Non-Unique,Carolina,https://www.zipdatamaps.com/zipcodes-carolina-pr,Carolina,https://www.zipdatamaps.com/carolina-pr-county-zipcodes
00986,https://www.zipdatamaps.com/00986,PO Box,Carolina,https://www.zipdatamaps.com/zipcodes-carolina-pr,Carolina,https://www.zipdatamaps.com/carolina-pr-county-zipcodes
00987,https://www.zipdatamaps.com/00987,Non-Unique,Carolina,https://www.zipdatamaps.com/zipcodes-carolina-pr,Carolina,https://www.zipdatamaps.com/carolina-pr-county-zipcodes
00988,https://www.zipdatamaps.com/00988,PO Box,Carolina,https://www.zipdatamaps.com/zipcodes-carolina-pr,Carolina,https://www.zipdatamaps.com/carolina-pr-county-zipcodes
